ListPrice,BEDS,BATHS,SQFT,LotSize,YearBuilt,Age,ParkingSpots
214000,3,2,1954,6969,1918,96,2
134900,3,1,1028,4356,1911,103,1
129722,4,1,1420,5227,1900,114,0
134900,2,1.75,904,8712,1928,86,3
444900,4,2.5,2014,12632,2014,0,3
134900,4,1,1980,4791,1904,110,2
159000,3,2,1594,3484,1900,114,2
69900,3,1.25,1255,7405,1894,120,3
79990,2,1.25,816,4791,1927,87,1
69900,3,1.5,1200,4791,1876,138,0
249900,3,1.75,2056,6098,1952,62,1
149900,5,1.75,1602,4791,1915,99,2
177500,2,1,1538,4791,1929,85,1
144900,3,1,1108,4791,1947,67,2
464900,3,1.75,2132,12196,1956,58,2
72000,3,2,1644,6969,1914,100,2
147500,3,1,1455,5662,1953,61,5
119900,2,1,735,5662,1946,68,1
57500,3,2,1117,4791,1908,106,2
80000,2,1.5,776,5662,1917,97,2
214900,3,1.75,1434,6098,1951,63,2
154900,4,2,1834,4791,1906,108,2
79900,2,1,700,5662,1910,104,1
129900,3,1.75,1252,4791,1921,93,2
699900,7,4.25,3955,6534,1923,91,2
364900,3,2.25,1848,6098,1938,76,3
94850,2,1,936,4791,1926,88,2
104900,2,1,936,10454,1919,95,9
225000,4,1,1818,38768,1900,114,2
259800,3,1.5,1295,4356,1909,105,1
199900,3,1,1600,6098,1922,92,2
186900,2,1,938,5662,1926,88,1
123900,4,1,1075,5227,1922,92,3
389000,3,3,2328,,1921,93,4
699900,6,4.25,5223,26136,1912,102,12
319000,2,1.75,1430,,2013,1,2
149990,3,2,1220,4791,2014,0,1
499999,3,2.5,2402,6969,1931,83,2
129900,3,2.25,1496,3484,2006,8,2
129900,3,1.25,964,8276,1970,44,2
169900,3,1.5,1480,4791,1926,88,3
850000,4,3.25,3646,8712,1932,82,2
129900,2,1.5,1781,3920,1923,91,1
129900,2,1.5,1407,4791,1909,105,2
76500,3,1,1108,2613,1890,124,1
369900,3,2.75,1870,6098,1922,92,1
129900,3,1,1005,4791,1920,94,2
224900,3,2.5,1940,,2004,10,2
99900,4,1.75,1900,4791,1926,88,1
119900,3,2,1696,6969,1912,102,2
134900,3,1,1110,6534,1949,65,3
549000,4,1.5,2012,7840,1923,91,1
124900,3,2.25,2179,8712,1911,103,5
229900,3,1.5,1835,4791,1906,108,2
139900,4,1.75,1400,5227,1938,76,1
123900,3,1,1148,10890,1888,126,2
152900,4,1.75,1904,3920,1922,92,1
129900,4,1.75,1424,5227,1948,66,1
62400,1,1,510,4791,1928,86,1
124900,2,1,676,4791,1940,74,2
117000,2,1,1017,13285,1889,125,2
264900,3,1.75,2304,5227,1922,92,2
119900,2,1,1314,5662,1941,73,1
89900,5,1.75,1835,6534,1894,120,2
675000,2,2.25,3130,6098,1925,89,3
160000,3,1.75,1894,6534,1953,61,1
120000,3,1.25,1183,4791,1939,75,1
749900,3,2.75,3589,,1890,124,4
139900,3,1.75,1201,4791,1917,97,2
129900,3,1.25,1600,6098,1941,73,0
179900,3,1,864,6098,1953,61,2
375000,3,1.75,1980,9147,1990,24,2
329900,3,2.75,2478,6098,1937,77,2
519900,3,2.5,2973,6098,1923,91,4
1375000,5,4.25,4934,14810,1910,104,2
750000,5,3.5,3849,13503,1933,81,3
140000,3,1.5,1167,8712,1915,99,2
139900,2,1,1530,9147,1950,64,1
90000,3,1,1308,5227,1880,134,4
150000,2,1,759,,1919,95,2
169900,4,1.5,1744,4791,1890,124,0
124000,3,2.5,1700,9147,1915,99,2
159900,2,1,1120,4791,1940,74,1
299500,3,1.75,1395,4791,1927,87,2
129850,3,1,1382,5227,1929,85,2
215900,2,1,720,,1923,91,2
199000,4,1.25,1887,125888,1885,129,2
159900,3,1,1184,10454,1931,83,5
134990,3,1,1774,5227,1921,93,4
99000,2,1,960,5532,1919,95,1
165000,4,1.5,1544,5227,1913,101,2
84900,3,1.75,1381,3920,1891,123,3
153334,3,1,1120,5227,1916,98,2
439000,4,2.5,3007,13068,1927,87,2
414900,5,3.5,2922,4791,2004,10,2
124900,3,1.5,1140,6098,1947,67,4
559900,4,3.25,2762,4791,2014,0,4
699900,5,3.75,4500,14810,1927,87,2
155900,4,1.5,1806,5227,1910,104,1
520000,4,3.5,2907,4791,2013,1,2
129900,2,1,1101,,1909,105,1
225000,3,1.75,1252,4791,1925,89,2
279900,3,1.75,1400,4791,1929,85,2
119000,2,1,644,5662,1900,114,2
129900,3,1.5,1008,4791,1900,114,2
324900,4,3.5,2908,4791,2004,10,2
499000,3,2.5,1820,4791,2013,1,2
289900,3,1.75,1604,4791,1925,89,2
159900,4,1,1740,4791,1889,125,2
144850,4,1,1498,4791,1952,62,1
182500,4,1.5,2288,9583,1958,56,4
162900,4,1.75,1677,6098,1963,51,1
58895,4,1,1589,15245,1914,100,2
40000,4,1,1720,3920,1890,124,1
179900,4,2,3123,4791,1961,53,2
195000,3,1,1585,5227,1914,100,2
119000,3,1.5,1412,6969,1922,92,2
199900,3,1.5,1270,4791,1917,97,4
159900,3,2.5,1996,3484,2000,14,2
239900,4,2,2294,8276,1915,99,6
124900,3,1,1238,4791,1925,89,1
179000,3,1,1012,3484,1957,57,1
149900,3,1,1548,4791,1888,126,2
179900,3,1.75,1647,5227,1925,89,4
294900,4,1.5,2034,10454,1932,82,4
149900,3,1.5,1800,4791,1903,111,2
139900,3,2,1760,14374,1960,54,1
99000,2,1,900,,1921,93,2
129875,1,1,1076,,1900,114,3
135000,6,2,1876,5227,2002,12,1
189000,5,3.25,2234,5662,2005,9,2
179900,3,1.5,1628,4791,2013,1,4
159900,2,1,1149,4791,1947,67,1
154900,3,1.75,1876,7405,1941,73,2
189900,4,1.75,1802,7840,1953,61,2
749000,5,3.5,3327,12196,1910,104,3
749900,3,2.25,2079,7840,1926,88,2
189500,2,1,1280,5227,1926,88,1
479900,4,2.25,2696,7405,1916,98,2
174900,3,2,1932,4356,1911,103,1
88000,2,1,905,4791,1952,62,1
109900,2,1.75,1374,12196,1900,114,2
104900,3,1.5,1140,19602,1955,59,1
146000,2,1.75,2195,10454,1953,61,2
99900,2,0.75,994,5227,1911,103,2
274900,4,1.75,2647,3920,1886,128,3
85000,2,1.25,1027,5227,1900,114,1
244999,4,2,1900,5227,1922,92,4
164900,3,1.75,1557,4791,1921,93,2
375000,4,2.75,2163,4791,1947,67,1
169750,3,1.75,1600,6969,1949,65,1
269900,3,1.75,2119,4791,1933,81,4
209900,3,1,1072,4791,1920,94,1
84900,2,1.75,1122,4356,1916,98,0
379900,4,2,2032,5227,1916,98,1
114900,3,1.5,1438,4791,1941,73,2
263525,5,3.25,2598,10890,2004,10,3
84900,2,1.75,1131,3920,1904,110,2
152900,4,1,1300,5227,1909,105,2
130000,3,1.5,1512,6098,2009,5,2
159000,4,1,1260,5227,1932,82,1
107900,4,2.5,2117,6098,1959,55,2
159900,4,1.75,1778,8276,1958,56,2
244900,3,1.75,1816,4791,1931,83,1
167900,3,1.75,1794,7840,1955,59,1
40000,5,1,1694,5662,1922,92,1
135000,3,1,1334,5662,1964,50,4
154900,2,1,1112,6098,1914,100,1
199900,2,1.75,1384,5227,1931,83,1
146900,3,1.75,2692,6534,1975,39,5
159900,3,2.25,1651,5662,2013,1,2
224900,3,1.5,1625,5227,1934,80,2
89000,3,1,1103,7840,1890,124,2
119900,1,1.75,851,3049,1918,96,1
115000,3,1,888,6098,1955,59,2
169900,4,2.5,1196,8276,1923,91,2
174900,3,1,1686,7405,1951,63,2
120000,3,1,1140,7448,1974,40,1
239741,4,2,1759,4791,2012,2,2
165000,3,2,2085,6534,1960,54,3
92000,4,2,1690,6969,1953,61,2
169900,3,1,1345,6098,1955,59,2
125000,3,1.25,1512,,1912,102,2
139000,3,1,1272,4791,1966,48,1
227900,4,0.75,1920,5227,1900,114,4
94900,5,2,1820,5227,1940,74,2
209900,3,1,1401,5227,1927,87,1
210000,4,2,1555,4356,1982,32,5
178000,3,1.5,1531,6098,1939,75,1
224900,4,1.75,1680,6534,1953,61,5
129900,4,1.25,1560,6098,1902,112,0
149000,3,1.75,1544,5662,1925,89,2
464000,3,1.75,1944,6534,1901,113,2
149900,3,1,1321,6969,1917,97,2
159900,3,2,1424,6098,1947,67,3
97000,3,1,1094,6098,1946,68,1
159777,3,1.75,1526,6534,1955,59,2
164900,3,1.5,1581,7405,1963,51,1
149990,4,1.75,1714,6098,1950,64,1
152500,5,1.5,1547,6098,1952,62,3
120000,2,1.25,1240,,1926,88,2
44000,3,1,1311,5227,1900,114,0
99900,4,1.25,1008,4356,1940,74,1
142800,4,1.75,1650,5227,1954,60,2
99900,2,2.5,1126,5227,1880,134,6
139900,3,1,1220,4791,1941,73,1
182500,4,1.75,1778,6969,1908,106,5
169900,3,1,1453,4791,1939,75,2
324900,3,1.75,2336,8712,1983,31,6
69000,2,1,832,6969,1926,88,1
69500,3,1,1014,,1929,85,2
194900,2,1,1135,5227,1919,95,2
189000,4,1.5,1460,10454,1898,116,5
35900,2,1,734,6534,1913,101,0
299900,3,2,1400,5227,1924,90,2
168797,3,1.75,1306,5227,1920,94,1
175000,3,1.75,1150,10454,1968,46,2
179900,2,1,1344,4791,1937,77,3
289900,3,2,1635,5227,1921,93,1
39900,2,1.75,1808,6098,1907,107,2
329900,3,1.5,1550,6534,1915,99,1
149900,4,1,1369,4791,1915,99,1
84900,3,1.75,1133,8276,1915,99,1
120000,3,1,1694,4791,1900,114,2
204900,4,1.5,2524,9147,1963,51,2
145000,4,2,1964,7840,1957,57,1
269900,4,1.75,1406,5227,1918,96,2
194900,4,1.5,1408,4791,1912,102,0
149900,3,0.75,1224,3920,1886,128,2
74900,3,1.5,1178,5227,1920,94,4
139900,2,1,738,2613,1922,92,1
169900,4,2,1385,4356,1900,114,1
1195000,5,3.25,6247,18295,1908,106,3
99900,3,1,1241,5662,1917,97,1
129900,3,1,1408,7405,1941,73,2
1100000,4,1.5,1334,5662,1900,114,1
299900,3,2,1644,4356,1898,116,2
259900,3,1.75,1692,5227,1919,95,2
189900,4,2,2230,11761,1964,50,2
99000,3,1,949,10018,1908,106,1
132900,3,1.75,1528,,1965,49,1
159900,3,1.5,649,,1923,91,1
145000,3,1.25,1580,6534,1908,106,0
259900,4,1.75,2758,6534,1879,135,2
169900,3,1.5,1503,9147,1900,114,2
157000,4,1.5,1702,9626,1907,107,2
162990,4,1.75,2102,6098,1917,97,2
70000,2,1,1000,7405,1940,74,1
117500,3,1,1176,4791,1957,57,1
165000,3,1.75,1246,4791,1955,59,1
104500,2,1,702,6098,1909,105,1
125000,3,1,1240,5227,1948,66,1
69000,1,1,710,,1885,129,0
98850,2,1,730,4356,1922,92,1
199786,3,2,1403,3484,1983,31,2
140000,3,2,1650,7405,1917,97,2
169900,3,1.5,1829,,1950,64,2
28250,3,1,1597,6534,1914,100,3
72900,3,1,1177,4791,1939,75,2
409900,3,2.25,2218,10454,1954,60,2
750000,4,3.25,3460,4791,2003,11,2
129500,3,1.75,1533,4791,1917,97,2
84900,2,1,940,6534,1926,88,1
39353,1,1.5,972,3920,1915,99,3
99900,2,1,1218,7405,1890,124,2
384900,4,2,2468,6098,1926,88,2
214900,3,1,1529,4791,1925,89,1
499900,4,2.25,2085,9583,1938,76,2
129850,3,1,1123,4791,1940,74,0
129850,2,1.5,1527,4356,1914,100,3
149900,4,1.5,1192,5662,1952,62,1
329900,3,2.75,1859,5227,1922,92,2
145000,3,1.75,1628,4791,1961,53,2
129500,4,1.75,1422,4791,1930,84,1
62000,2,1,728,4791,1921,93,2
76000,2,1,660,4791,1925,89,1
128000,3,1.75,1645,4791,1938,76,2
129000,2,1.75,1194,5227,1900,114,3
146900,3,2,2020,5227,1930,84,1
239900,2,1,1324,5227,2004,10,2
109900,2,1,1086,4791,1951,63,1
155900,3,1.5,1255,5227,1908,106,2
199850,2,1,826,5227,1922,92,1
1799000,5,4.25,5702,27442,1928,86,3
449900,4,1.75,2514,6098,1927,87,1
165000,3,1.75,1529,4791,1967,47,2
279000,3,1.5,1568,5662,1912,102,2
49900,2,1,832,,1905,109,1
150000,3,2,1486,5227,1923,91,1
299800,4,1.75,1742,6098,1932,82,1
179500,3,1.25,1248,5619,1905,109,4
294999,4,2,2176,5227,1895,119,1
309900,5,2.75,2480,7405,1949,65,1
359900,3,1.5,1806,5227,1935,79,2
112900,2,1,860,4791,1925,89,2
119900,3,1.5,1308,5227,1924,90,2
48000,2,1.25,933,,1921,93,2
159900,4,2,1915,5662,1951,63,1
429900,4,2,2460,9147,1954,60,3
514000,3,3.25,3542,12196,1890,124,6
144900,3,1,1536,9147,1954,60,1
199000,4,3,1981,,1916,98,0
549900,4,3.5,2852,6098,2013,1,2
344900,4,1.75,1532,5227,1924,90,1
189900,3,1,1398,6098,1952,62,1
424000,4,3,3142,9583,1976,38,4
137000,3,1.75,1326,5662,1958,56,1
129900,3,1,1800,8276,1957,57,2
99900,4,1.75,1828,5227,1918,96,4
279900,3,1.75,1336,5227,1924,90,2
174900,3,2.5,1623,7840,1957,57,1
149900,3,1.5,1406,5227,1959,55,1
144900,4,2,1400,7405,1954,60,1
179900,3,1,1064,5227,1962,52,1
169900,3,1.5,1943,10454,1953,61,1
89900,3,1,624,10454,1921,93,0
179000,4,2.25,1857,6098,1959,55,3
314900,3,1.75,1725,4791,1922,92,4
135500,3,1.75,1200,4356,1954,60,1
164900,4,2,2009,9147,1964,50,2
650000,4,2.75,3880,9147,1961,53,2
149900,3,1.75,1647,6534,1954,60,2
178900,3,1.75,1387,136778,1964,50,2
799000,5,3,3927,125452,1952,62,2
82500,5,1.5,1320,6534,1901,113,0
69900,3,1,1600,5227,1909,105,2
149900,2,1.5,1296,1306,1870,144,0
100000,4,1.5,1964,5662,1930,84,2
105900,4,1.5,2198,4356,1910,104,1
329900,3,1.5,1691,4791,1924,90,1
1195000,6,4.5,6328,16988,1910,104,2
556877,4,3.25,2573,4791,1923,91,3
79500,3,,1091,5227,1925,89,1
209900,2,1,814,2178,1924,90,1
1325000,4,5.75,6783,35283,1953,61,3
364500,4,2.25,2432,5662,1936,78,1
199900,5,2.25,2767,7840,1968,46,2
360000,3,1,1211,6534,1916,98,1
134900,4,1,1709,6534,1960,54,2
249900,2,1.25,994,4791,1929,85,1
119500,2,1,1073,6969,1916,98,4
99900,2,1.75,1220,6534,1900,114,1
479000,4,1.75,2358,7405,1935,79,1
260000,3,1.5,1488,5227,1909,105,4
649900,5,3.25,3222,6098,1928,86,4
194500,3,1.75,1814,7405,1960,54,4
125000,4,1.5,1520,,1961,53,1
113900,2,1.75,1296,4791,1951,63,2
129000,4,2.25,1790,7405,1967,47,2
78980,2,1,1415,7405,1939,75,1
769000,5,3.25,3715,7405,1912,102,2
206000,2,1,1358,11761,1938,76,1
125000,3,1.5,1468,5227,1909,105,2
234900,3,2,1277,7405,1996,18,2
229900,4,2,1288,5227,1926,88,1
83900,3,1,1761,6534,1907,107,1
150000,4,2,1686,6969,1900,114,1
119900,2,1,732,4791,1914,100,1
69900,4,1.5,3000,3484,1892,122,2
279900,3,1.75,1355,5227,1915,99,2
2895000,6,5.75,7436,14374,1929,85,3
549900,4,1.75,1945,5227,1908,106,2
385000,5,3.25,2568,20908,1901,113,2
485000,5,1.75,3422,5662,1895,119,2
79000,2,1.25,1164,4791,1886,128,2
105000,4,2,1064,7840,1906,108,2
40000,3,1,1086,4356,1911,103,1
149900,4,2,1624,4356,1900,114,1
250000,3,1,1560,6534,1908,106,1
3750000,5,5,6500,39639,1958,56,3
995000,4,2.75,3119,7840,1927,87,2
160000,3,1.5,1878,6098,1994,20,1
119900,2,1,1369,6534,1905,109,2
239900,3,2.5,1694,4791,1907,107,2
1935000,5,3,5008,6534,1929,85,2
158000,2,1,1498,5227,1912,102,1
144900,3,1.25,1200,,1900,114,2
119900,2,1.5,671,5662,1946,68,1
1995000,3,2.75,5084,9147,1916,98,2
299000,3,1.75,1899,8712,1952,62,3
159990,3,1.5,1075,4356,1911,103,4
217500,3,1.75,1675,5227,1922,92,1
164900,2,1,1021,5227,1908,106,1
139900,3,1,1345,5662,1908,106,2
1995000,4,5,5866,7840,1908,106,4
214900,3,1.5,1344,6969,1925,89,2
189900,3,1.75,1747,6969,1906,108,2
159900,2,1,1082,5227,1946,68,1
77000,5,1,1536,,1914,100,2
935000,4,3,2630,4356,2013,1,2
159500,3,1.75,1248,4791,1926,88,2
169900,3,1,1580,4791,1955,59,2
848900,5,3.5,3602,6534,2013,1,2
229900,3,1.5,1410,5749,1946,68,1
135000,4,2,2992,4356,2004,10,2
139900,4,2.75,1721,4791,1903,111,1
475000,4,1.75,1925,5227,1924,90,1
159900,3,1,1086,5662,1900,114,1
63000,2,1,1374,5052,1925,89,2
239900,4,1.75,2216,5227,1923,91,2
794000,4,3,3091,5227,1900,114,2
134900,2,1,1082,4791,1903,111,2
19900,2,1,900,5227,1911,103,1
130000,2,1.5,2728,3484,1900,114,1
205000,3,0.75,1421,5227,1906,108,1
759900,5,3.5,3564,5227,2013,1,2
100000,3,1,1444,5227,1958,56,1
69900,2,1,1337,4791,1890,124,0
168700,2,1,984,4791,1925,89,2
875000,5,3,4500,17859,1918,96,5
199900,3,1.5,1549,,1911,103,2
145000,3,1,1575,5227,1948,66,4
174900,2,1,814,5227,1925,89,1
379900,3,2.75,2246,4791,2003,11,2
439900,3,1.5,2118,13068,1957,57,3
51500,3,1,1419,6098,1869,145,2
199990,3,1.75,1266,5662,1925,89,2
99900,3,1,1490,4791,1926,88,1
104900,2,1,1005,3920,1912,102,1
545000,3,1.5,2003,6534,1926,88,2
289000,2,1,1358,2178,1914,100,1
58800,4,1,2460,4791,1923,91,2
525000,3,2.25,2920,12196,1932,82,2
165000,5,2.5,2200,6534,1900,114,2
57500,3,1,1271,4791,1914,100,2
63000,4,1,1522,4791,1908,106,2
284900,3,1.5,1560,5227,1910,104,2
139990,2,1.75,1050,4791,1924,90,2
215000,4,2,1561,5227,1941,73,1
134900,5,2.5,1819,7405,1889,125,2
99900,3,1,1148,4791,1927,87,1
159900,2,1,944,5227,1932,82,1
125000,4,3,2174,7840,1891,123,2
149900,5,1.75,1791,3920,1888,126,1
104900,3,2,1388,5227,1921,93,1
484900,4,2,1961,6098,1900,114,2
159900,3,1.75,1492,5227,1981,33,2
229900,5,3.25,3676,4791,1900,114,2
109900,2,1.25,1066,5662,1913,101,3
68000,2,1,996,5227,1914,100,1
89900,2,1.5,1610,5227,1900,114,1
94900,3,1,1056,5227,1951,63,0
124900,2,1,1000,4356,1927,87,1
335000,4,2,2257,5662,1927,87,2
259900,3,2.5,1836,9583,1941,73,4
160000,2,1,992,6534,1922,92,1
224900,4,1.5,1260,6534,1916,98,2
164500,2,1,860,5227,1909,105,1
124900,2,1,1040,4791,1900,114,1
199000,5,2,2144,4791,1980,34,2
235900,3,1,1344,6534,1925,89,2
39959,4,1.5,2480,5227,1909,105,2
25450,3,1.75,1762,3484,1900,114,1
199900,3,1,1221,5227,1925,89,2
219900,3,1.75,1272,4791,1948,66,2
195000,3,1,1512,5227,1950,64,2
169900,3,1,1198,3484,1900,114,2
210000,3,1.5,1465,5662,1913,101,2
215000,3,1.5,1716,,1920,94,2
219900,2,1,1003,3484,1939,75,1
184900,3,1,1020,10890,2004,10,2
389900,5,3.25,2170,5227,1908,106,1
119000,2,1,1109,,1950,64,1
72000,4,1,1812,5662,1908,106,2
164900,3,1,1116,5227,1951,63,1
69900,3,1,1198,4791,1922,92,2
895000,4,2.75,2562,11761,1907,107,2
71900,2,1,744,,1916,98,1
174900,2,1,1307,4791,1950,64,2
89900,3,1,1134,5227,1953,61,1
214900,3,2,1344,4356,1916,98,1
88372,2,1,730,4791,1918,96,1
35000,1,1,768,4791,1913,101,2
65000,2,1,986,5227,1926,88,1
149900,3,1,1843,6969,1918,96,3
169900,2,1,824,4791,1925,89,2
84900,3,1.5,1756,5227,1930,84,1
48500,1,1,833,5662,1920,94,2
175000,3,1,997,5227,1922,92,2
150900,3,2.5,1456,5662,1979,35,2
64900,3,1,1350,6098,1928,86,1
139900,3,1,1460,4356,1924,90,1
174900,4,2.75,1760,4791,1941,73,1
104900,3,2,1252,6534,1922,92,4
119900,5,2,1355,6534,1887,127,1
179900,2,1.5,1140,7840,1952,62,2
89900,2,1,1094,5227,1923,91,1
149900,3,2,2006,5227,1912,102,2
96900,4,1.75,1679,5227,1947,67,3
89900,2,1,1187,5227,1895,119,1
339000,3,1,1680,5227,1900,114,2
125000,2,1,1372,5227,1924,90,2
109900,3,2,1632,5662,1930,84,2
75000,3,1,1132,7405,1913,101,2
69500,2,1,1564,,1948,66,2
749000,5,3.25,2879,4791,1910,104,2
99900,3,1.25,1442,5662,1917,97,1
122000,3,1,1346,5662,1933,81,5
224900,4,2,1915,10454,1946,68,3
158900,3,1.75,2300,5227,1965,49,2
389900,4,2.25,2018,6098,1995,19,2
2990000,4,4,6293,34848,1925,89,7
99900,3,1,1134,5662,1902,112,2
399900,3,3,2888,3920,1906,108,1
299900,3,1.5,1402,5227,1904,110,3
76900,2,1,1125,6098,1900,114,1
79900,4,1,1280,4791,1909,105,2
234900,3,1.75,1841,6534,1961,53,1
57900,2,1,550,5662,1925,89,1
205000,3,2.25,1651,5662,2013,1,2
80000,3,1,1240,4791,1926,88,2
84900,3,1,1234,5227,1925,89,1
79900,3,1.75,1325,4791,1921,93,2
124900,3,1.75,1254,5227,1893,121,1
135000,2,0.75,750,4791,1912,102,1
184900,4,2,1594,4791,1906,108,0
94900,4,1.75,1326,5227,1924,90,1
239900,3,1.75,1736,8276,1950,64,2
175000,3,2.25,1828,5662,1910,104,2
64900,5,1,1320,5662,1912,102,2
119900,2,1,786,4791,1940,74,2
128900,3,1.75,1200,5227,1926,88,3
159786,3,1.75,1480,5227,1912,102,1
239900,2,1,1037,6969,1909,105,2
149000,2,1,752,6098,1915,99,2
109900,3,1.75,1358,,1923,91,2
145000,4,1.75,1921,4791,1909,105,1
79900,3,1.75,1793,5227,1939,75,1
239900,4,1,1900,9583,1952,62,2
74900,2,1.25,1123,4791,1889,125,2
349900,3,2,1578,4791,1915,99,3
77900,3,1.75,1298,5227,1914,100,2
154900,3,1,1378,6534,1903,111,1
92500,4,1.75,1924,4791,1923,91,3
1250000,4,3,4570,10890,1929,85,2
79900,4,1.5,1292,4356,1922,92,1
224900,3,2,2110,5662,1900,114,2
162900,2,1,868,5227,1916,98,1
225000,3,2,1344,7840,1903,111,4
54900,3,1.5,1207,5662,1917,97,2
195000,3,1,1345,4791,1929,85,1
69900,3,1,1128,5227,1914,100,1
109900,3,1,1072,5227,1926,88,0
1895000,4,3.75,6330,17424,2011,3,3
150000,2,1.75,1961,5662,1937,77,2
171900,2,1,1004,6098,1951,63,3
194900,3,1,1836,5227,1913,101,2
84900,3,1,1604,4791,1915,99,1
113900,4,2,1660,4791,1884,130,2
274900,2,1.75,930,4791,1948,66,1
65000,2,1,1200,5662,1916,98,1
189900,3,1.25,1549,,1949,65,2
223900,4,2,1904,6098,1910,104,2
302000,3,1.75,1804,5227,1916,98,1
224900,4,1.75,1852,6098,1956,58,2
179900,3,1.75,1914,6098,1925,89,2
69900,2,1.5,1264,5227,1926,88,1
419000,3,2,1495,5662,1954,60,2
215900,4,1.75,2384,6534,1985,29,2
90000,3,1,1847,5227,1941,73,2
32500,2,2,858,6534,1913,101,2
64000,3,1,1794,,1947,67,2
205000,4,1.75,1796,23958,1956,58,1
109000,1,1,1122,5227,1920,94,2
87900,2,1,1150,7840,1900,114,1
129900,3,2,1540,8276,1924,90,2
164900,3,1.75,1430,5227,1926,88,2
134900,3,1.75,1662,4356,1976,38,2
143900,2,1,1152,6534,1950,64,1
449000,3,3.5,2588,5662,1999,15,4
279900,4,1.5,2568,3049,1907,107,0
199900,3,1,1092,3484,1917,97,0
229000,4,1.75,1435,5227,1909,105,2
189900,3,1.75,1806,4791,1957,57,1
184900,2,1,850,5227,1925,89,2
234900,4,1.75,1612,6098,1966,48,2
129900,2,1,1004,6534,1981,33,2
79900,3,1,1279,4791,1916,98,1
129900,3,2.25,2302,5227,1906,108,4
34900,2,1,907,3571,1909,105,0
269900,3,1,1469,5662,1929,85,1
229900,4,3,2312,4356,1914,100,1
75000,2,1,640,4791,1956,58,1
134900,3,1,1295,5227,1928,86,1
145000,3,1.5,1592,,1927,87,2
139900,3,1,1380,5662,1945,69,1
149900,3,1,1292,5227,1942,72,2
130000,3,1,1330,5227,1939,75,2
112500,3,1,1525,5227,1885,129,2
89900,3,1,1036,4791,1908,106,2
169900,4,1.5,1470,5227,1958,56,1
159900,2,1.75,1095,5662,1920,94,2
78000,3,1.5,1580,6098,1915,99,1
50000,3,2,1080,4791,1898,116,2
59900,4,1.5,1922,3484,1900,114,0
189900,4,1.5,1344,8276,1905,109,2
135900,3,1.5,1420,8712,1910,104,2
596370,4,3.25,2681,3920,2012,2,2
139900,1,1.5,830,,1916,98,1
150000,4,1,1842,4791,1910,104,2
949900,4,3.5,3625,6098,1979,35,2
58000,3,1,1119,4791,1923,91,2
119900,3,1.5,1504,3484,1884,130,0
99900,1,1,764,6098,1916,98,1
824110,4,3,3298,7840,2014,0,2
189900,3,1.5,1392,,1916,98,1
94900,3,1,1080,7840,1950,64,1
154900,4,1.75,2190,5227,1931,83,2
78000,2,1,966,5227,1920,94,1
189995,2,1,1256,4791,1918,96,2
479000,4,1.75,2277,4791,1940,74,2
1789411,3,2.75,2855,3920,2013,1,2
69000,2,1,1060,5227,1925,89,2
1695000,4,4,5581,15245,1929,85,3
182900,2,1.75,2258,5662,1925,89,1
650000,4,3.5,3024,,1946,68,2
129900,5,2,2012,,1922,92,3
164500,2,1,899,5227,1900,114,2
189900,4,3,1768,3920,1909,105,2
189900,3,1,1682,5227,1929,85,2
140000,2,1.5,1366,5227,1921,93,2
95000,2,1,1396,5662,1907,107,2
108000,2,1,1289,4791,1915,99,2
229900,3,1.75,2095,6098,1914,100,1
159777,3,1,1144,5227,1918,96,1
48900,3,1.75,1618,4791,1952,62,2
841100,4,3.25,2894,5662,2014,0,2
665000,4,1.75,2628,10454,1954,60,2
44900,2,1.75,1728,4791,1924,90,2
93408,2,0.75,672,5227,1922,92,1
114900,1,1,632,5227,1917,97,1
89900,3,1.5,1812,5227,1916,98,2
137900,2,1.75,1776,4791,1905,109,1
379900,3,1.75,2100,5227,1910,104,2
114900,2,1,960,5662,1911,103,2
79900,3,1,1404,4791,1919,95,1
99900,2,1,1000,5227,1910,104,2
950000,4,4,4141,7840,1955,59,2
169900,2,1,1065,4791,1925,89,2
329900,4,1,1654,5227,1910,104,2
249900,3,2,1909,4791,1925,89,1
249900,4,1.75,2456,5227,1911,103,3
76000,3,1,1200,5227,1939,75,1
1295000,4,4.75,4056,8712,1927,87,3
169900,3,2,1930,4791,1914,100,2
106900,2,1,1237,4791,1919,95,0
89900,3,1,1010,5662,1917,97,2
193000,3,1,1407,5227,1977,37,4
849900,4,3.25,3689,5227,2014,0,2
1250000,5,4,4846,7840,2013,1,2
89900,3,1.5,784,6098,1914,100,1
849900,4,3.25,3689,5227,2014,0,2
139900,2,1.25,1272,4791,1913,101,2
80000,3,1,1295,4791,1917,97,2
1050000,5,3.25,3612,5227,2014,0,2
89900,2,1,1233,5227,1924,90,1
999000,5,3.25,3517,4791,2013,1,2
226000,5,2,1672,,1911,103,2
899900,5,3.25,3467,4791,2013,1,2
99900,3,0.75,1008,5227,1924,90,1
54500,3,1,1304,,1928,86,2
120000,3,1,1450,4791,1922,92,1
169900,2,1,932,4791,1915,99,1
135000,2,1.75,1320,5227,1923,91,1
154900,3,1,1135,,1925,89,2
224900,2,1,1250,4356,1915,99,3
148800,2,1,668,,1927,87,2
195000,3,1.75,1996,7840,1967,47,2
115000,4,1.5,1769,6969,1994,20,1
129900,2,1,690,5227,1915,99,1
185000,3,1.75,1868,5227,1912,102,1
1199900,5,3.5,4434,6534,2014,0,3
199900,3,1,1168,5227,1920,94,2
875000,5,3.5,3303,5662,2005,9,3
119900,4,2,1400,5662,2007,7,2
179900,3,1.5,1258,5227,1902,112,1
167500,3,1.75,1072,4791,1926,88,2
139900,2,1,952,4791,1915,99,2
124900,3,1,1176,5227,1926,88,4
205900,2,1,1400,4791,1942,72,1
425000,5,3.5,3456,5227,2013,1,2
187500,3,1.5,1620,3484,1964,50,1
169900,4,1.75,1717,,1919,95,4
205000,5,2.25,1852,9147,1965,49,2
125000,4,1.5,1320,3920,1900,114,1
230000,2,1,1453,6098,1936,78,2
179900,3,1,1203,6098,1927,87,2
559900,5,3.25,3209,,2013,1,4
184900,2,2,1420,5227,1911,103,2
159900,3,1.75,1505,5227,1924,90,3
2100000,4,4,4514,12196,2013,1,4
179900,2,1.5,1220,7405,1909,105,1
139900,2,0.75,833,5227,1912,102,1
164900,3,1.5,1676,4791,1950,64,2
159900,1,1,750,4791,1909,105,1
147567,3,1,1344,7840,1925,89,2
220000,4,2,2736,4791,1915,99,2
179900,2,1,1022,4791,1914,100,1
224900,3,1.75,1980,5227,1909,105,2
245000,3,1.75,1482,4791,1914,100,2
349500,4,2.25,1916,7405,1961,53,2
3775000,4,4.5,5670,15245,2000,14,3
75000,4,2,2163,6534,1904,110,1
1399900,4,4,4368,13068,1928,86,2
349900,3,2.25,1800,5662,2013,1,2
174900,3,2,1586,6098,1955,59,2
309900,4,2.25,2047,5227,1906,108,4
299900,4,2,1653,5662,1996,18,2
237000,3,1.75,1621,5227,1924,90,2
159000,3,2.25,1970,6534,1929,85,1
105000,3,1,1042,6098,1923,91,1
228420,3,2.5,1578,4791,1923,91,1
184900,3,2,1922,6534,1932,82,2
189900,3,1.5,1620,6098,1953,61,2
99900,2,1,1100,4791,1923,91,3
154900,3,1.75,2164,6098,1926,88,2
233900,2,1,1306,5227,1915,99,2
120000,5,1,2060,4791,1928,86,2
1675000,4,4.25,6279,14374,1917,97,2
359900,4,2.5,1624,4791,2014,0,2
164900,3,1,1532,7405,1957,57,2
359000,3,2.25,1956,4791,2014,0,2
995000,6,4.25,5401,10890,1922,92,3
193500,2,1,950,4356,1912,102,1
399900,3,2.5,2000,4791,2013,1,2
299900,4,2,2485,5662,1902,112,2
63000,4,2,1469,4791,1887,127,4
104900,2,1,1002,4791,1925,89,4
274900,5,2.25,2292,5662,1955,59,2
1450000,4,2.75,3740,15245,1956,58,2
99900,2,1,835,5227,1923,91,1
359900,4,2.5,1624,5662,2014,0,2
89900,3,1,1455,5662,1923,91,1
279900,4,1.5,2860,4791,1932,82,1
137500,3,1,1383,4791,1926,88,1
199900,3,2,1350,4356,1915,99,1
1195000,5,4.75,4921,,1930,84,3
179900,2,1.5,1016,5227,1915,99,2
318500,4,2.75,2880,5227,2003,11,2
135000,3,1,1412,5227,1947,67,1
67000,4,1,1248,4791,1895,119,1
169900,3,1.25,1496,4791,2001,13,1
350000,4,3,1690,,1930,84,1
229000,3,1.5,1046,5227,1900,114,2
424900,3,2.5,1948,5227,2013,1,4
195000,1,1,900,5662,1910,104,4
1695000,7,4,6499,16117,1915,99,2
90000,2,2,1039,3920,1900,114,1
157700,2,1,1250,4791,1917,97,2
1495000,4,3.75,4973,16552,1905,109,2
119000,3,1,1280,4791,1925,89,2
254900,5,3,2640,6969,1940,74,2
189900,3,1.75,1489,5227,1921,93,2
225000,2,1.75,1548,5227,1974,40,4
839900,5,3.25,3574,5662,2013,1,2
194000,4,1,1213,5227,1950,64,1
799000,5,3,3225,5227,2013,1,2
1179000,5,3.25,4330,6534,2014,0,2
179900,3,1.75,1409,5227,1924,90,2
194900,3,1.75,1790,6969,1948,66,2
165000,2,1,1100,,1916,98,2
839900,4,3.25,3475,5227,2013,1,2
159900,3,1,1216,,1921,93,1
159900,4,1.75,2000,6534,1949,65,2
89900,2,1,780,5009,1900,114,1
145000,3,1,1516,,1950,64,1
1400000,4,3.25,4181,16988,1925,89,2
105900,3,2,1408,6098,1914,100,2
99000,3,1,2330,8712,1922,92,1
66900,2,1,1400,4791,1929,85,1
349000,2,1.5,1715,5662,1908,106,2
156900,3,1,1521,5227,1947,67,2
143900,3,1.25,1794,5227,1948,66,2
89900,3,1,1706,5227,1924,90,2
279900,3,1.5,1608,4356,1910,104,2
249900,3,1,1154,5227,1921,93,2
229900,3,2,1658,5227,1915,99,1
174900,3,1.5,1642,6098,1951,63,1
575900,5,3.5,3564,4791,2008,6,2
595000,3,2.25,2416,5662,1925,89,2
174900,3,1,1402,6098,1951,63,2
119900,4,1.5,1129,4791,1926,88,2
429900,3,3,2324,4791,2014,0,1
835000,5,3.5,3853,5227,2013,1,2
690000,4,2.25,2404,3920,1925,89,2
239900,4,1,2390,5227,1921,93,3
179900,2,1,828,4791,1917,97,1
119000,3,1,1011,6098,1875,139,1
4650000,5,5.5,8655,16117,1932,82,3
39000,2,1.5,1180,5662,1950,64,1
184900,2,1,1146,6534,1915,99,1
189000,2,1,1174,5227,1921,93,3
129900,2,1,1044,4791,1941,73,1
2795000,4,4.75,4939,21344,1930,84,2
99900,2,1,1248,4791,1930,84,1
39900,2,1,1390,4791,1909,105,2
424900,3,1.5,1916,5662,1926,88,2
379900,4,2,1025,5662,1926,88,2
1495000,5,4.5,4646,23522,1907,107,4
165000,4,2.5,2104,6534,1951,63,3
799900,4,2.5,4177,10454,1955,59,2
147900,3,1.75,1638,6534,1957,57,2
110000,3,1,1068,6534,1951,63,2
239500,3,1.75,1251,,1925,89,2
339000,3,2.25,2060,5227,1959,55,2
399988,5,2.75,2592,6098,1952,62,2
252500,3,2,1700,6098,1922,92,2
869000,4,4.25,3519,6098,1924,90,2
89900,2,1,700,9583,1947,67,2
868900,5,3.25,3650,5227,2014,0,4
259900,2,1.5,1853,5662,1959,55,1
124900,2,1,1200,6098,1955,59,1
269000,3,2,1524,9583,1957,57,2
124900,3,1.75,1460,7840,1955,59,1
112900,3,1,1460,5793,1946,68,2
750000,5,4.5,4158,,1925,89,6
139900,3,1.75,1600,8276,1961,53,1
625000,3,2.25,2700,11325,1931,83,2
134900,4,1.5,1685,6534,1950,64,2
849500,4,3.25,3752,5227,2014,0,3
239900,5,2.5,2016,9147,1900,114,2
339900,3,1.5,2124,5662,1953,61,3
99999,4,1,1128,5662,1950,64,3
350000,3,1,1550,5227,1980,34,2
749900,6,4.25,4869,9147,1895,119,1
299000,3,2,1697,5227,1920,94,2
599000,4,3.5,2938,5227,2013,1,2
95000,2,1.75,2204,4791,1982,32,1
305000,3,2,1607,5662,1900,114,2
124900,3,1,1216,6969,1951,63,2
157000,2,1.75,1737,6534,1925,89,1
79500,4,1,1180,,1937,77,1
129550,3,1,1200,5227,1917,97,2
140000,3,1.75,1738,4791,1962,52,2
699000,3,2,2376,5140,1924,90,2
225000,3,2,2214,3049,1915,99,2
53900,1,1,700,4356,1924,90,1
228500,2,1,1095,5227,1917,97,1
194900,5,1.5,1851,6098,1964,50,2
225000,3,1.75,1758,10454,2014,0,2
225000,3,1.75,1758,7405,2014,0,2
139900,2,2,1100,5227,1923,91,4
119900,3,1.5,1121,5227,1921,93,2
339900,3,2.5,2079,5662,1949,65,2
138500,5,1.75,1774,4791,1945,69,1
219900,3,1,1052,5227,1951,63,2
955000,5,4.5,4720,6534,1927,87,3
99900,2,1,754,9583,1924,90,2
520000,4,2.25,2352,5662,1888,126,2
149900,3,1.25,1288,5227,1907,107,3
145000,3,1,1279,4791,1914,100,2
260000,3,1,1176,4791,1925,89,2
479900,3,1.5,2191,5924,1936,78,2
324900,4,1.5,2114,4791,1948,66,2
159900,1,1,599,5227,1923,91,2
234900,3,1,1540,4791,1939,75,1
499900,3,1.5,2552,6534,1927,87,2
319900,2,2.25,1930,5227,1921,93,2
624900,5,2.75,2697,4791,1929,85,2
179990,3,1,1031,5227,1924,90,2
799990,4,3.25,3398,5227,2013,1,4
225000,3,1,1154,5227,1940,74,2
699900,4,3.5,3200,5227,2006,8,2
129900,2,1.75,954,5227,1924,90,1
309999,3,1.75,1725,5662,1928,86,1
599900,4,3,3552,5662,1880,134,2
299900,4,2,2208,6534,1948,66,1
389900,4,1.75,2320,7405,1918,96,3
129900,3,1.75,1574,5227,1950,64,1
134800,1,1,675,5227,1922,92,2
154900,3,1.75,1300,,1955,59,2
224900,3,1,1140,5662,1947,67,1
117900,2,1,739,6098,1923,91,2
124900,1,1,548,6098,1924,90,1
209900,4,2,2852,5227,1944,70,1
239900,4,2,2164,4791,1946,68,1
184900,3,1.75,1596,5227,1946,68,2
137000,1,1,690,6534,1922,92,3
254900,4,2,1627,6098,1926,88,2
529900,6,3.25,3990,9147,1912,102,4
309900,5,2.75,2686,6534,1950,64,2
224990,3,1.75,1340,4791,1925,89,4
419900,4,2.25,2925,5227,2000,14,2
324900,3,2,1694,7405,1940,74,2
284700,3,1.75,1702,5227,1953,61,2
169990,3,1.5,1080,6098,1924,90,2
32900,2,1,896,,1889,125,1
189900,3,2,1510,6534,1928,86,4
110000,3,1.75,1376,4791,1909,105,2
133900,3,1.75,1129,10018,1947,67,1
169900,2,1,696,5227,1948,66,3
399900,4,3.25,2722,7840,1995,19,2
234900,3,1.75,2150,6969,1950,64,4
187000,4,2.5,1555,5227,1940,74,4
219900,5,1.75,1670,6534,1924,90,2
185900,3,1,1214,5227,1923,91,2
249900,3,1.75,1314,5227,1950,64,1
289900,3,1.5,1440,6098,1937,77,1
273500,3,1.75,1587,5227,1950,64,1
56750,2,1,1397,3920,1957,57,1
169900,3,1.75,1373,5227,1952,62,2
219000,3,1.5,1828,5227,1912,102,1
199900,3,1,1496,5227,1945,69,1
750000,4,3.5,3531,5227,2013,1,2
164900,3,1,1080,5227,1951,63,1
129895,2,1,1500,6534,1904,110,6
255000,5,1.75,2120,7405,1975,39,2
144900,3,1.5,1447,8276,1958,56,1
174900,3,1,1674,6098,1951,63,1
339900,3,2.5,2007,6534,1947,67,2
199900,4,1,1212,8712,1927,87,3
189900,3,1.75,1374,6534,1950,64,4
209900,3,1.5,1586,5227,1948,66,1
174900,2,1.75,1623,10454,1947,67,1
184900,3,1.75,1572,5662,1952,62,2
289900,3,1.75,1820,5227,1949,65,2
274900,3,2.75,1835,5662,1938,76,1
329900,3,2.5,1767,5227,1928,86,2
145000,4,2,1680,4791,1899,115,2
575000,3,2.25,3173,6534,2014,0,2
184900,3,1.75,1536,6098,1981,33,2
139900,4,1.75,1246,4791,1900,114,2
329900,3,2,2216,6534,1941,73,2
243000,3,1,1726,6534,1946,68,1
274900,4,2,1862,5227,1957,57,2
239999,4,1.5,1822,6098,1951,63,2
289900,3,1.5,2512,6098,1942,72,2
2225000,6,4.25,7314,,1889,125,2
289900,3,1.5,1769,,1951,63,2
214900,2,1,1115,6969,1947,67,2
230000,3,1,1239,5227,1951,63,2
525000,4,2.5,2184,6098,2013,1,2
354500,3,1.5,1968,6098,1958,56,3
509900,3,2.5,2032,6098,2013,1,2
525000,4,2.5,2184,6098,2013,1,2
201500,2,1,745,6534,1949,65,1
199900,3,1,1284,5227,1946,68,3
315900,3,1.75,2368,6098,1950,64,2
312000,3,1.5,1864,,1949,65,3
334900,3,2.5,2098,5227,1972,42,2
239900,4,2,1514,6098,1949,65,2
499000,5,3.25,2501,5227,2013,1,2
120990,3,1.5,1296,5227,1920,94,1
189200,3,1.5,1117,6098,1942,72,1
199000,4,1.5,1610,5227,1947,67,1
279900,3,1.5,2326,7405,1955,59,2
179900,3,2,1970,7405,1950,64,4
65000,1,0.75,650,4791,1884,130,0
99900,3,1,1385,4791,1938,76,1
199900,3,1.5,1755,5662,1957,57,1
569900,5,3.25,3892,6534,1957,57,2
249900,3,1,1879,5662,1955,59,2
159900,3,1.75,1260,6098,1950,64,4
334900,4,2,2496,5662,1958,56,2
274999,4,2,1705,,1950,64,3
245000,3,1.75,1657,5662,1953,61,2
256900,4,1.5,2096,6534,1951,63,2
219900,3,1.75,1740,6534,1956,58,1
219900,4,1.5,2109,6098,1953,61,2
57500,4,1.75,2620,4791,1890,124,2
95000,1,1.25,952,8624,1880,134,2
224900,3,1.75,1935,6534,1951,63,3
255000,3,1.75,1923,6926,1954,60,2
299900,3,1.75,1681,6534,1951,63,2
184500,2,1.75,1504,6098,1952,62,1
190000,3,1.75,1348,5662,1950,64,2
219900,3,1,1382,6534,1951,63,2
199900,3,1.5,1553,2178,1904,110,0
169900,3,1,1112,5227,1941,73,2
239000,3,1.75,2376,8712,1956,58,2
209900,3,1.25,1127,5227,1907,107,2
450000,8,4,4216,7405,1912,102,4
39900,3,1,1104,6098,1886,128,1
199900,5,2,1750,13068,1900,114,2
169900,4,1.5,1544,7405,1900,114,3
145000,1,1,933,1001,2004,10,0
79900,2,1,1050,4791,1920,94,2
142900,3,2,1426,6534,1900,114,0
109000,2,2,982,6969,1886,128,1
90000,3,1,3580,4791,1888,126,2
144900,3,1,1215,12196,1949,65,1
90000,3,1.75,1596,3484,1922,92,1
87500,4,2.5,2136,4791,1884,130,2
132000,5,2.75,1600,4791,1900,114,1
164900,3,1.5,1440,6098,1965,49,2
379850,2,1.75,1676,9147,1953,61,3
104900,3,1,1092,,1912,102,0
99100,3,1.75,1798,5662,1900,114,3
129900,3,1.5,1865,7840,1947,67,6
599000,4,2.25,3233,12632,1956,58,2
119900,3,1,1080,10890,1887,127,1
154900,2,1,1575,4791,1900,114,1
414900,3,2.5,3155,5662,1998,16,2
204900,3,1,1705,4791,1949,65,4
230000,4,1.75,1985,10890,1917,97,2
174900,3,2,2084,5227,1925,89,2
153900,3,1.75,1468,7405,1982,32,2
144900,3,1,1424,3920,1940,74,2
97900,3,2.25,1512,3049,1985,29,1
74900,4,1.75,1880,4791,1906,108,2
129900,3,0.75,1180,4791,1900,114,2
119900,4,1.5,1304,5227,1939,75,2
114900,3,1,1408,4791,1923,91,1
145000,4,1.75,2072,6098,1940,74,1
169900,4,1.5,2100,4791,1904,110,2
69900,2,1,1216,4791,1893,121,0
69900,2,1.5,1107,3484,1900,114,0
115000,3,1.75,1358,4791,1938,76,1
134900,3,1,1018,4791,1894,120,1
120000,3,1.5,1500,2613,1900,114,1
112900,3,1,1190,4791,1946,68,1
990000,4,4,5214,13068,1926,88,2
174900,3,1,1479,4791,1951,63,2
249000,3,2.25,2870,,1919,95,4
149900,4,2,1397,4791,1932,82,2
99900,2,1,1096,7405,1948,66,2
164900,2,0.75,1229,5227,1938,76,3
774900,6,3,3420,8712,1909,105,2
165000,6,2,1476,5227,1955,59,1
89900,2,1.5,1099,17859,1916,98,3
175000,3,1.5,1417,5227,1900,114,1
359900,4,1.25,2252,4791,1908,106,3
159900,2,1,1405,4791,1880,134,1
139900,3,2,1920,5227,1958,56,2
219900,3,1.75,1612,,1915,99,2
79900,3,1.25,1248,4791,1915,99,2
75000,2,1,1584,4007,1904,110,1
154900,3,1.75,1785,4791,1928,86,2
145000,4,2,1904,4791,1894,120,1
299900,5,2.5,2460,11761,1900,114,3
179900,4,1.75,1127,5227,1907,107,1
34900,3,1,1236,4791,1884,130,2
179000,3,2.5,2000,9583,1952,62,3
148000,4,1.75,1494,,1973,41,2
109000,2,1,963,4791,1925,89,1
349000,3,2.25,1800,4791,2014,0,2
108400,4,1.75,1690,4791,1979,35,2
675000,7,3.5,4806,12632,1910,104,6
139900,4,2.5,1496,4791,1883,131,1
171900,3,1,1282,4356,1913,101,3
2995000,4,3.5,5819,19602,2002,12,4
209900,3,1,1448,6098,1923,91,2
245999,4,3,1900,3920,1900,114,1
155900,4,1.75,1408,4791,1912,102,1
40000,3,1,1645,4791,1885,129,0
124100,3,2.25,2074,8712,1957,57,1
61900,3,2,1365,4791,1904,110,1
134900,3,1,1773,4791,1911,103,4
100000,5,1.75,1758,4791,1915,99,2
129900,3,1,1188,3920,1886,128,1
148900,2,1,1427,4791,1910,104,2
165000,2,1,1047,7405,1915,99,2
135900,3,1.75,1820,4791,1926,88,1
139900,4,2,1796,4791,1908,106,2
121900,4,2,2126,6098,1991,23,1
44900,2,1,826,7405,1888,126,3
49900,2,1,1241,4791,1913,101,0
359000,3,3.25,2983,9583,1998,16,2
56900,4,2,1543,4791,1908,106,2
59900,3,1.5,1284,4356,1909,105,1
154900,3,2,1400,4356,1889,125,4
47000,3,1,1000,4791,1884,130,1
74900,4,1.75,2269,4791,1909,105,1
74900,3,1.75,1400,5227,1915,99,1
139900,3,1,1189,4791,1911,103,2
179900,3,1.75,1300,5227,1906,108,2
105000,2,1,914,6098,1880,134,7
226900,3,1.5,1381,6098,1948,66,1
99900,3,1,1267,6534,1884,130,2
85000,3,2.25,2207,4791,1912,102,2
499900,4,2.5,3052,6098,1891,123,3
132990,3,1.75,1562,4356,1900,114,2
279900,5,2,2100,6534,1911,103,2
24900,3,1,1172,,1884,130,1
349900,3,2.5,2044,6098,2005,9,2
104500,4,2.25,1378,4791,1950,64,2
279900,2,1,1271,10890,1920,94,2
339900,4,1.75,2534,6969,1912,102,2
125900,3,1,1351,8276,1925,89,2
168800,3,1,2036,,1941,73,1
215000,2,1,1200,6098,1911,103,1
795000,5,3.25,4305,6969,1894,120,0
240000,4,1.75,1564,4791,1949,65,1
374900,4,2.5,2046,4791,1911,103,2
100000,2,1,938,7840,1900,114,1
149900,2,1,784,9888,1954,60,2
279900,4,2.25,2700,,1902,112,1
69000,3,1,961,3484,1880,134,0
134900,3,1,1218,6534,1939,75,1
93900,3,1,1292,5227,1940,74,1
189900,3,0.75,1464,6098,1950,64,1
169900,3,2,1398,6098,1940,74,1
289900,5,1.5,2750,6969,1907,107,2
919900,6,4.25,4912,15681,1907,107,8
98000,3,1.75,1005,3920,1910,104,1
195000,4,2,1624,5662,1904,110,2
209900,3,2.25,2296,8712,1978,36,2
117900,3,1,1403,5227,1921,93,1
284900,3,2.5,1932,5662,1950,64,2
139900,4,1.25,396,,1917,97,1
299900,3,2.25,2014,6534,1949,65,2
165000,4,1.75,1349,,1940,74,2
149990,3,2,1220,4791,2014,0,1
124900,3,1,1200,4791,1913,101,1
193000,4,1.75,1460,4356,1921,93,2
134999,3,1.75,1650,9539,1890,124,2
84900,2,1,732,4356,1924,90,3
109000,4,1.75,1650,5227,1898,116,2
89900,3,2,1180,4791,1914,100,1
62500,1,1,760,7405,1900,114,2
483900,4,2.5,2500,13068,2014,0,3
